{
    "Logistic Regression": {
        "0": {
            "precision": 0.9296696107294733,
            "recall": 0.9919720767888307,
            "f1-score": 0.9598108747044918,
            "support": 2865.0
        },
        "1": {
            "precision": 0.9913825402772574,
            "recall": 0.9248514505417686,
            "f1-score": 0.9569620253164557,
            "support": 2861.0
        },
        "accuracy": 0.9584352078239609,
        "macro avg": {
            "precision": 0.9605260755033653,
            "recall": 0.9584117636652997,
            "f1-score": 0.9583864500104737,
            "support": 5726.0
        },
        "weighted avg": {
            "precision": 0.9605045201664641,
            "recall": 0.9584352078239609,
            "f1-score": 0.9583874450678919,
            "support": 5726.0
        }
    },
    "K-NN": {
        "0": {
            "precision": 0.9583333333333334,
            "recall": 0.9794066317626527,
            "f1-score": 0.9687553944415674,
            "support": 2865.0
        },
        "1": {
            "precision": 0.9789135096497498,
            "recall": 0.9573575672841663,
            "f1-score": 0.9680155504506096,
            "support": 2861.0
        },
        "accuracy": 0.9683898009081383,
        "macro avg": {
            "precision": 0.9686234214915416,
            "recall": 0.9683820995234096,
            "f1-score": 0.9683854724460885,
            "support": 5726.0
        },
        "weighted avg": {
            "precision": 0.9686162331658985,
            "recall": 0.9683898009081383,
            "f1-score": 0.9683857308617333,
            "support": 5726.0
        }
    }
}