{
    "MSE": 2.0093574622602822e-05,
    "R\u00b2": 0.9999852542681437,
    "Root Mean Squared Error": 0.004482585707223323
}